"_raw","_time",bucketId,"change_type","date_hour","date_mday","date_minute","date_month","date_second","date_wday","date_year","date_zone",endEpoch,eventCount,eventtype,guId,host,hostCount,id,index,"info_max_time","info_search_time",linecount,modTime,"orig_host","orig_index",path,product,range,rawSize,"search_name","search_now",sizeOnDiskMB,source,sourceCount,sourceTypeCount,sourcetype,"splunk_server",startEpoch,state,status,tag,"tag::eventtype",timeendpos,timestartpos,"unix_category","unix_group",vendor
"11/01/2013 00:02:01 -0700, search_name=""DB inspection"", search_now=1383289320.000, info_max_time=1383289320.000, info_search_time=1383289321.464, bucketId=""_audit~9~9A13FFBA-883F-42DB-AD42-2651CCEAA43F"", endEpoch=1380818910, eventCount=253860, guId=""9A13FFBA-883F-42DB-AD42-2651CCEAA43F"", hostCount=1, id=9, orig_index=_audit, modTime=""10/03/2013:10:15:21"", orig_host=""so-splunky.local"", path=""/Applications/splunk/upgrade-5.0/var/lib/splunk/audit/db/db_1380818910_1379592197_9"", rawSize=103507801, sizeOnDiskMB=""54.351562"", sourceCount=1, sourceTypeCount=1, startEpoch=1379592197, state=warm","2013-11-01T00:02:01.000-0700","_audit~9~9A13FFBA-883F-42DB-AD42-2651CCEAA43F",,0,1,2,november,1,friday,2013,"-420",1380818910,253860,,"9A13FFBA-883F-42DB-AD42-2651CCEAA43F","so-splunky.local",1,9,summary,"1383289320.000","1383289321.464",1,"10/03/2013:10:15:21","so-splunky.local","_audit","/Applications/splunk/upgrade-5.0/var/lib/splunk/audit/db/db_1380818910_1379592197_9",,,103507801,"DB inspection","1383289320.000","54.351562","DB inspection",1,1,stash,"so-splunky.local",1379592197,warm,,,,25,0,"all_hosts","so-splunky.local",
"11/01/2013 00:02:01 -0700, search_name=""DB inspection"", search_now=1383289320.000, info_max_time=1383289320.000, info_search_time=1383289321.464, bucketId=""_audit~8~9A13FFBA-883F-42DB-AD42-2651CCEAA43F"", endEpoch=1379592182, eventCount=34, guId=""9A13FFBA-883F-42DB-AD42-2651CCEAA43F"", hostCount=1, id=8, orig_index=_audit, modTime=""09/19/2013:05:03:17"", orig_host=""so-splunky.local"", path=""/Applications/splunk/upgrade-5.0/var/lib/splunk/audit/db/db_1379592182_1379592152_8"", rawSize=10352, sizeOnDiskMB=""0.054688"", sourceCount=1, sourceTypeCount=1, startEpoch=1379592152, state=warm","2013-11-01T00:02:01.000-0700","_audit~8~9A13FFBA-883F-42DB-AD42-2651CCEAA43F",,0,1,2,november,1,friday,2013,"-420",1379592182,34,,"9A13FFBA-883F-42DB-AD42-2651CCEAA43F","so-splunky.local",1,8,summary,"1383289320.000","1383289321.464",1,"09/19/2013:05:03:17","so-splunky.local","_audit","/Applications/splunk/upgrade-5.0/var/lib/splunk/audit/db/db_1379592182_1379592152_8",,,10352,"DB inspection","1383289320.000","0.054688","DB inspection",1,1,stash,"so-splunky.local",1379592152,warm,,,,25,0,"all_hosts","so-splunky.local",
"11/01/2013 00:02:01 -0700, search_name=""DB inspection"", search_now=1383289320.000, info_max_time=1383289320.000, info_search_time=1383289321.464, bucketId=""_audit~7~9A13FFBA-883F-42DB-AD42-2651CCEAA43F"", endEpoch=1379592134, eventCount=8398, guId=""9A13FFBA-883F-42DB-AD42-2651CCEAA43F"", hostCount=1, id=7, orig_index=_audit, modTime=""09/19/2013:05:02:32"", orig_host=""so-splunky.local"", path=""/Applications/splunk/upgrade-5.0/var/lib/splunk/audit/db/db_1379592134_1379524291_7"", rawSize=2881968, sizeOnDiskMB=""1.828125"", sourceCount=1, sourceTypeCount=1, startEpoch=1379524291, state=warm","2013-11-01T00:02:01.000-0700","_audit~7~9A13FFBA-883F-42DB-AD42-2651CCEAA43F",,0,1,2,november,1,friday,2013,"-420",1379592134,8398,,"9A13FFBA-883F-42DB-AD42-2651CCEAA43F","so-splunky.local",1,7,summary,"1383289320.000","1383289321.464",1,"09/19/2013:05:02:32","so-splunky.local","_audit","/Applications/splunk/upgrade-5.0/var/lib/splunk/audit/db/db_1379592134_1379524291_7",,,2881968,"DB inspection","1383289320.000","1.828125","DB inspection",1,1,stash,"so-splunky.local",1379524291,warm,,,,25,0,"all_hosts","so-splunky.local",
"11/01/2013 00:02:01 -0700, search_name=""DB inspection"", search_now=1383289320.000, info_max_time=1383289320.000, info_search_time=1383289321.464, bucketId=""_audit~6~9A13FFBA-883F-42DB-AD42-2651CCEAA43F"", endEpoch=1379524276, eventCount=13408, guId=""9A13FFBA-883F-42DB-AD42-2651CCEAA43F"", hostCount=1, id=6, orig_index=_audit, modTime=""09/18/2013:10:11:32"", orig_host=""so-splunky.local"", path=""/Applications/splunk/upgrade-5.0/var/lib/splunk/audit/db/db_1379524276_1379455328_6"", rawSize=5620156, sizeOnDiskMB=""3.109375"", sourceCount=1, sourceTypeCount=1, startEpoch=1379455328, state=warm","2013-11-01T00:02:01.000-0700","_audit~6~9A13FFBA-883F-42DB-AD42-2651CCEAA43F",,0,1,2,november,1,friday,2013,"-420",1379524276,13408,,"9A13FFBA-883F-42DB-AD42-2651CCEAA43F","so-splunky.local",1,6,summary,"1383289320.000","1383289321.464",1,"09/18/2013:10:11:32","so-splunky.local","_audit","/Applications/splunk/upgrade-5.0/var/lib/splunk/audit/db/db_1379524276_1379455328_6",,,5620156,"DB inspection","1383289320.000","3.109375","DB inspection",1,1,stash,"so-splunky.local",1379455328,warm,,,,25,0,"all_hosts","so-splunky.local",
"11/01/2013 00:02:01 -0700, search_name=""DB inspection"", search_now=1383289320.000, info_max_time=1383289320.000, info_search_time=1383289321.464, bucketId=""_audit~5~9A13FFBA-883F-42DB-AD42-2651CCEAA43F"", endEpoch=1379455312, eventCount=44, guId=""9A13FFBA-883F-42DB-AD42-2651CCEAA43F"", hostCount=1, id=5, orig_index=_audit, modTime=""09/17/2013:15:02:08"", orig_host=""so-splunky.local"", path=""/Applications/splunk/upgrade-5.0/var/lib/splunk/audit/db/db_1379455312_1379455257_5"", rawSize=8575, sizeOnDiskMB=""0.054688"", sourceCount=1, sourceTypeCount=1, startEpoch=1379455257, state=warm","2013-11-01T00:02:01.000-0700","_audit~5~9A13FFBA-883F-42DB-AD42-2651CCEAA43F",,0,1,2,november,1,friday,2013,"-420",1379455312,44,,"9A13FFBA-883F-42DB-AD42-2651CCEAA43F","so-splunky.local",1,5,summary,"1383289320.000","1383289321.464",1,"09/17/2013:15:02:08","so-splunky.local","_audit","/Applications/splunk/upgrade-5.0/var/lib/splunk/audit/db/db_1379455312_1379455257_5",,,8575,"DB inspection","1383289320.000","0.054688","DB inspection",1,1,stash,"so-splunky.local",1379455257,warm,,,,25,0,"all_hosts","so-splunky.local",
"11/01/2013 00:02:01 -0700, search_name=""DB inspection"", search_now=1383289320.000, info_max_time=1383289320.000, info_search_time=1383289321.464, bucketId=""_audit~4~9A13FFBA-883F-42DB-AD42-2651CCEAA43F"", endEpoch=1379375323, eventCount=420, guId=""9A13FFBA-883F-42DB-AD42-2651CCEAA43F"", hostCount=1, id=4, orig_index=_audit, modTime=""09/17/2013:15:00:57"", orig_host=""so-splunky.local"", path=""/Applications/splunk/upgrade-5.0/var/lib/splunk/audit/db/db_1379375323_1379338701_4"", rawSize=171363, sizeOnDiskMB=""0.226562"", sourceCount=1, sourceTypeCount=1, startEpoch=1379338701, state=warm","2013-11-01T00:02:01.000-0700","_audit~4~9A13FFBA-883F-42DB-AD42-2651CCEAA43F",,0,1,2,november,1,friday,2013,"-420",1379375323,420,,"9A13FFBA-883F-42DB-AD42-2651CCEAA43F","so-splunky.local",1,4,summary,"1383289320.000","1383289321.464",1,"09/17/2013:15:00:57","so-splunky.local","_audit","/Applications/splunk/upgrade-5.0/var/lib/splunk/audit/db/db_1379375323_1379338701_4",,,171363,"DB inspection","1383289320.000","0.226562","DB inspection",1,1,stash,"so-splunky.local",1379338701,warm,,,,25,0,"all_hosts","so-splunky.local",
"11/01/2013 00:02:01 -0700, search_name=""DB inspection"", search_now=1383289320.000, info_max_time=1383289320.000, info_search_time=1383289321.464, bucketId=""_audit~3~9A13FFBA-883F-42DB-AD42-2651CCEAA43F"", endEpoch=1379282187, eventCount=3369, guId=""9A13FFBA-883F-42DB-AD42-2651CCEAA43F"", hostCount=1, id=3, orig_index=_audit, modTime=""09/16/2013:06:38:21"", orig_host=""so-splunky.local"", path=""/Applications/splunk/upgrade-5.0/var/lib/splunk/audit/db/db_1379282187_1379073339_3"", rawSize=1061809, sizeOnDiskMB=""0.691406"", sourceCount=1, sourceTypeCount=1, startEpoch=1379073339, state=warm","2013-11-01T00:02:01.000-0700","_audit~3~9A13FFBA-883F-42DB-AD42-2651CCEAA43F",,0,1,2,november,1,friday,2013,"-420",1379282187,3369,,"9A13FFBA-883F-42DB-AD42-2651CCEAA43F","so-splunky.local",1,3,summary,"1383289320.000","1383289321.464",1,"09/16/2013:06:38:21","so-splunky.local","_audit","/Applications/splunk/upgrade-5.0/var/lib/splunk/audit/db/db_1379282187_1379073339_3",,,1061809,"DB inspection","1383289320.000","0.691406","DB inspection",1,1,stash,"so-splunky.local",1379073339,warm,,,,25,0,"all_hosts","so-splunky.local",
"11/01/2013 00:02:01 -0700, search_name=""DB inspection"", search_now=1383289320.000, info_max_time=1383289320.000, info_search_time=1383289321.464, bucketId=""_audit~30~9A13FFBA-883F-42DB-AD42-2651CCEAA43F"", endEpoch=1383289223, eventCount=11266, guId=""9A13FFBA-883F-42DB-AD42-2651CCEAA43F"", hostCount=1, id=30, orig_index=_audit, modTime=""11/01/2013:00:02:01"", orig_host=""so-splunky.local"", path=""/Applications/splunk/upgrade-5.0/var/lib/splunk/audit/db/hot_v1_30"", rawSize=2415718, sizeOnDiskMB=""1.738281"", sourceCount=1, sourceTypeCount=1, startEpoch=1383249323, state=hot","2013-11-01T00:02:01.000-0700","_audit~30~9A13FFBA-883F-42DB-AD42-2651CCEAA43F",,0,1,2,november,1,friday,2013,"-420",1383289223,11266,,"9A13FFBA-883F-42DB-AD42-2651CCEAA43F","so-splunky.local",1,30,summary,"1383289320.000","1383289321.464",1,"11/01/2013:00:02:01","so-splunky.local","_audit","/Applications/splunk/upgrade-5.0/var/lib/splunk/audit/db/hot_v1_30",,,2415718,"DB inspection","1383289320.000","1.738281","DB inspection",1,1,stash,"so-splunky.local",1383249323,hot,,,,25,0,"all_hosts","so-splunky.local",
"11/01/2013 00:02:01 -0700, search_name=""DB inspection"", search_now=1383289320.000, info_max_time=1383289320.000, info_search_time=1383289321.464, bucketId=""_audit~2~9A13FFBA-883F-42DB-AD42-2651CCEAA43F"", endEpoch=1379073326, eventCount=4180, guId=""9A13FFBA-883F-42DB-AD42-2651CCEAA43F"", hostCount=1, id=2, orig_index=_audit, modTime=""09/13/2013:04:55:39"", orig_host=""so-splunky.local"", path=""/Applications/splunk/upgrade-5.0/var/lib/splunk/audit/db/db_1379073326_1379036780_2"", rawSize=785978, sizeOnDiskMB=""0.585938"", sourceCount=1, sourceTypeCount=1, startEpoch=1379036780, state=warm","2013-11-01T00:02:01.000-0700","_audit~2~9A13FFBA-883F-42DB-AD42-2651CCEAA43F",,0,1,2,november,1,friday,2013,"-420",1379073326,4180,,"9A13FFBA-883F-42DB-AD42-2651CCEAA43F","so-splunky.local",1,2,summary,"1383289320.000","1383289321.464",1,"09/13/2013:04:55:39","so-splunky.local","_audit","/Applications/splunk/upgrade-5.0/var/lib/splunk/audit/db/db_1379073326_1379036780_2",,,785978,"DB inspection","1383289320.000","0.585938","DB inspection",1,1,stash,"so-splunky.local",1379036780,warm,,,,25,0,"all_hosts","so-splunky.local",
"11/01/2013 00:02:01 -0700, search_name=""DB inspection"", search_now=1383289320.000, info_max_time=1383289320.000, info_search_time=1383289321.464, bucketId=""_audit~29~9A13FFBA-883F-42DB-AD42-2651CCEAA43F"", endEpoch=1383249307, eventCount=3831, guId=""9A13FFBA-883F-42DB-AD42-2651CCEAA43F"", hostCount=1, id=29, orig_index=_audit, modTime=""10/31/2013:12:55:23"", orig_host=""so-splunky.local"", path=""/Applications/splunk/upgrade-5.0/var/lib/splunk/audit/db/db_1383249307_1383216769_29"", rawSize=1147609, sizeOnDiskMB=""0.734375"", sourceCount=1, sourceTypeCount=1, startEpoch=1383216769, state=warm","2013-11-01T00:02:01.000-0700","_audit~29~9A13FFBA-883F-42DB-AD42-2651CCEAA43F",,0,1,2,november,1,friday,2013,"-420",1383249307,3831,,"9A13FFBA-883F-42DB-AD42-2651CCEAA43F","so-splunky.local",1,29,summary,"1383289320.000","1383289321.464",1,"10/31/2013:12:55:23","so-splunky.local","_audit","/Applications/splunk/upgrade-5.0/var/lib/splunk/audit/db/db_1383249307_1383216769_29",,,1147609,"DB inspection","1383289320.000","0.734375","DB inspection",1,1,stash,"so-splunky.local",1383216769,warm,,,,25,0,"all_hosts","so-splunky.local",
"11/01/2013 00:02:01 -0700, search_name=""DB inspection"", search_now=1383289320.000, info_max_time=1383289320.000, info_search_time=1383289321.464, bucketId=""_audit~28~9A13FFBA-883F-42DB-AD42-2651CCEAA43F"", endEpoch=1383170132, eventCount=27940, guId=""9A13FFBA-883F-42DB-AD42-2651CCEAA43F"", hostCount=1, id=28, orig_index=_audit, modTime=""10/31/2013:03:52:50"", orig_host=""so-splunky.local"", path=""/Applications/splunk/upgrade-5.0/var/lib/splunk/audit/db/db_1383170132_1383060655_28"", rawSize=4931039, sizeOnDiskMB=""4.531250"", sourceCount=1, sourceTypeCount=1, startEpoch=1383060655, state=warm","2013-11-01T00:02:01.000-0700","_audit~28~9A13FFBA-883F-42DB-AD42-2651CCEAA43F",,0,1,2,november,1,friday,2013,"-420",1383170132,27940,,"9A13FFBA-883F-42DB-AD42-2651CCEAA43F","so-splunky.local",1,28,summary,"1383289320.000","1383289321.464",1,"10/31/2013:03:52:50","so-splunky.local","_audit","/Applications/splunk/upgrade-5.0/var/lib/splunk/audit/db/db_1383170132_1383060655_28",,,4931039,"DB inspection","1383289320.000","4.531250","DB inspection",1,1,stash,"so-splunky.local",1383060655,warm,,,,25,0,"all_hosts","so-splunky.local",
"11/01/2013 00:02:01 -0700, search_name=""DB inspection"", search_now=1383289320.000, info_max_time=1383289320.000, info_search_time=1383289321.464, bucketId=""_audit~27~9A13FFBA-883F-42DB-AD42-2651CCEAA43F"", endEpoch=1383060643, eventCount=22960, guId=""9A13FFBA-883F-42DB-AD42-2651CCEAA43F"", hostCount=1, id=27, orig_index=_audit, modTime=""10/29/2013:08:30:56"", orig_host=""so-splunky.local"", path=""/Applications/splunk/upgrade-5.0/var/lib/splunk/audit/db/db_1383060643_1382986302_27"", rawSize=3997293, sizeOnDiskMB=""3.609375"", sourceCount=1, sourceTypeCount=1, startEpoch=1382986302, state=warm","2013-11-01T00:02:01.000-0700","_audit~27~9A13FFBA-883F-42DB-AD42-2651CCEAA43F",,0,1,2,november,1,friday,2013,"-420",1383060643,22960,,"9A13FFBA-883F-42DB-AD42-2651CCEAA43F","so-splunky.local",1,27,summary,"1383289320.000","1383289321.464",1,"10/29/2013:08:30:56","so-splunky.local","_audit","/Applications/splunk/upgrade-5.0/var/lib/splunk/audit/db/db_1383060643_1382986302_27",,,3997293,"DB inspection","1383289320.000","3.609375","DB inspection",1,1,stash,"so-splunky.local",1382986302,warm,,,,25,0,"all_hosts","so-splunky.local",
"11/01/2013 00:02:01 -0700, search_name=""DB inspection"", search_now=1383289320.000, info_max_time=1383289320.000, info_search_time=1383289321.464, bucketId=""_audit~26~9A13FFBA-883F-42DB-AD42-2651CCEAA43F"", endEpoch=1382986286, eventCount=123384, guId=""9A13FFBA-883F-42DB-AD42-2651CCEAA43F"", hostCount=1, id=26, orig_index=_audit, modTime=""10/28/2013:11:51:44"", orig_host=""so-splunky.local"", path=""/Applications/splunk/upgrade-5.0/var/lib/splunk/audit/db/db_1382986286_1382560200_26"", rawSize=35551410, sizeOnDiskMB=""19.273438"", sourceCount=1, sourceTypeCount=1, startEpoch=1382560200, state=warm","2013-11-01T00:02:01.000-0700","_audit~26~9A13FFBA-883F-42DB-AD42-2651CCEAA43F",,0,1,2,november,1,friday,2013,"-420",1382986286,123384,,"9A13FFBA-883F-42DB-AD42-2651CCEAA43F","so-splunky.local",1,26,summary,"1383289320.000","1383289321.464",1,"10/28/2013:11:51:44","so-splunky.local","_audit","/Applications/splunk/upgrade-5.0/var/lib/splunk/audit/db/db_1382986286_1382560200_26",,,35551410,"DB inspection","1383289320.000","19.273438","DB inspection",1,1,stash,"so-splunky.local",1382560200,warm,,,,25,0,"all_hosts","so-splunky.local",
"11/01/2013 00:02:01 -0700, search_name=""DB inspection"", search_now=1383289320.000, info_max_time=1383289320.000, info_search_time=1383289321.464, bucketId=""_audit~25~9A13FFBA-883F-42DB-AD42-2651CCEAA43F"", endEpoch=1382560184, eventCount=59373, guId=""9A13FFBA-883F-42DB-AD42-2651CCEAA43F"", hostCount=1, id=25, orig_index=_audit, modTime=""10/23/2013:13:30:00"", orig_host=""so-splunky.local"", path=""/Applications/splunk/upgrade-5.0/var/lib/splunk/audit/db/db_1382560184_1382459592_25"", rawSize=13864574, sizeOnDiskMB=""10.183594"", sourceCount=1, sourceTypeCount=1, startEpoch=1382459592, state=warm","2013-11-01T00:02:01.000-0700","_audit~25~9A13FFBA-883F-42DB-AD42-2651CCEAA43F",,0,1,2,november,1,friday,2013,"-420",1382560184,59373,,"9A13FFBA-883F-42DB-AD42-2651CCEAA43F","so-splunky.local",1,25,summary,"1383289320.000","1383289321.464",1,"10/23/2013:13:30:00","so-splunky.local","_audit","/Applications/splunk/upgrade-5.0/var/lib/splunk/audit/db/db_1382560184_1382459592_25",,,13864574,"DB inspection","1383289320.000","10.183594","DB inspection",1,1,stash,"so-splunky.local",1382459592,warm,,,,25,0,"all_hosts","so-splunky.local",
"11/01/2013 00:02:01 -0700, search_name=""DB inspection"", search_now=1383289320.000, info_max_time=1383289320.000, info_search_time=1383289321.464, bucketId=""_audit~24~9A13FFBA-883F-42DB-AD42-2651CCEAA43F"", endEpoch=1382459577, eventCount=122044, guId=""9A13FFBA-883F-42DB-AD42-2651CCEAA43F"", hostCount=1, id=24, orig_index=_audit, modTime=""10/22/2013:09:33:13"", orig_host=""so-splunky.local"", path=""/Applications/splunk/upgrade-5.0/var/lib/splunk/audit/db/db_1382459577_1382131602_24"", rawSize=36593309, sizeOnDiskMB=""22.023438"", sourceCount=1, sourceTypeCount=1, startEpoch=1382131602, state=warm","2013-11-01T00:02:01.000-0700","_audit~24~9A13FFBA-883F-42DB-AD42-2651CCEAA43F",,0,1,2,november,1,friday,2013,"-420",1382459577,122044,,"9A13FFBA-883F-42DB-AD42-2651CCEAA43F","so-splunky.local",1,24,summary,"1383289320.000","1383289321.464",1,"10/22/2013:09:33:13","so-splunky.local","_audit","/Applications/splunk/upgrade-5.0/var/lib/splunk/audit/db/db_1382459577_1382131602_24",,,36593309,"DB inspection","1383289320.000","22.023438","DB inspection",1,1,stash,"so-splunky.local",1382131602,warm,,,,25,0,"all_hosts","so-splunky.local",
"11/01/2013 00:02:01 -0700, search_name=""DB inspection"", search_now=1383289320.000, info_max_time=1383289320.000, info_search_time=1383289321.464, bucketId=""_audit~23~9A13FFBA-883F-42DB-AD42-2651CCEAA43F"", endEpoch=1382131587, eventCount=35302, guId=""9A13FFBA-883F-42DB-AD42-2651CCEAA43F"", hostCount=1, id=23, orig_index=_audit, modTime=""10/18/2013:14:26:42"", orig_host=""so-splunky.local"", path=""/Applications/splunk/upgrade-5.0/var/lib/splunk/audit/db/db_1382131587_1382053141_23"", rawSize=9352185, sizeOnDiskMB=""6.585938"", sourceCount=1, sourceTypeCount=1, startEpoch=1382053141, state=warm","2013-11-01T00:02:01.000-0700","_audit~23~9A13FFBA-883F-42DB-AD42-2651CCEAA43F",,0,1,2,november,1,friday,2013,"-420",1382131587,35302,,"9A13FFBA-883F-42DB-AD42-2651CCEAA43F","so-splunky.local",1,23,summary,"1383289320.000","1383289321.464",1,"10/18/2013:14:26:42","so-splunky.local","_audit","/Applications/splunk/upgrade-5.0/var/lib/splunk/audit/db/db_1382131587_1382053141_23",,,9352185,"DB inspection","1383289320.000","6.585938","DB inspection",1,1,stash,"so-splunky.local",1382053141,warm,,,,25,0,"all_hosts","so-splunky.local",
"11/01/2013 00:02:01 -0700, search_name=""DB inspection"", search_now=1383289320.000, info_max_time=1383289320.000, info_search_time=1383289321.464, bucketId=""_audit~22~9A13FFBA-883F-42DB-AD42-2651CCEAA43F"", endEpoch=1382051951, eventCount=1384, guId=""9A13FFBA-883F-42DB-AD42-2651CCEAA43F"", hostCount=1, id=22, orig_index=_audit, modTime=""10/17/2013:16:39:02"", orig_host=""so-splunky.local"", path=""/Applications/splunk/upgrade-5.0/var/lib/splunk/audit/db/db_1382051951_1382050502_22"", rawSize=330113, sizeOnDiskMB=""0.296875"", sourceCount=1, sourceTypeCount=1, startEpoch=1382050502, state=warm","2013-11-01T00:02:01.000-0700","_audit~22~9A13FFBA-883F-42DB-AD42-2651CCEAA43F",,0,1,2,november,1,friday,2013,"-420",1382051951,1384,,"9A13FFBA-883F-42DB-AD42-2651CCEAA43F","so-splunky.local",1,22,summary,"1383289320.000","1383289321.464",1,"10/17/2013:16:39:02","so-splunky.local","_audit","/Applications/splunk/upgrade-5.0/var/lib/splunk/audit/db/db_1382051951_1382050502_22",,,330113,"DB inspection","1383289320.000","0.296875","DB inspection",1,1,stash,"so-splunky.local",1382050502,warm,,,,25,0,"all_hosts","so-splunky.local",
"11/01/2013 00:02:01 -0700, search_name=""DB inspection"", search_now=1383289320.000, info_max_time=1383289320.000, info_search_time=1383289321.464, bucketId=""_audit~21~9A13FFBA-883F-42DB-AD42-2651CCEAA43F"", endEpoch=1382050486, eventCount=2204, guId=""9A13FFBA-883F-42DB-AD42-2651CCEAA43F"", hostCount=1, id=21, orig_index=_audit, modTime=""10/17/2013:15:55:02"", orig_host=""so-splunky.local"", path=""/Applications/splunk/upgrade-5.0/var/lib/splunk/audit/db/db_1382050486_1382047492_21"", rawSize=595066, sizeOnDiskMB=""0.429688"", sourceCount=1, sourceTypeCount=1, startEpoch=1382047492, state=warm","2013-11-01T00:02:01.000-0700","_audit~21~9A13FFBA-883F-42DB-AD42-2651CCEAA43F",,0,1,2,november,1,friday,2013,"-420",1382050486,2204,,"9A13FFBA-883F-42DB-AD42-2651CCEAA43F","so-splunky.local",1,21,summary,"1383289320.000","1383289321.464",1,"10/17/2013:15:55:02","so-splunky.local","_audit","/Applications/splunk/upgrade-5.0/var/lib/splunk/audit/db/db_1382050486_1382047492_21",,,595066,"DB inspection","1383289320.000","0.429688","DB inspection",1,1,stash,"so-splunky.local",1382047492,warm,,,,25,0,"all_hosts","so-splunky.local",
"11/01/2013 00:02:01 -0700, search_name=""DB inspection"", search_now=1383289320.000, info_max_time=1383289320.000, info_search_time=1383289321.464, bucketId=""_audit~20~9A13FFBA-883F-42DB-AD42-2651CCEAA43F"", endEpoch=1382047474, eventCount=1682, guId=""9A13FFBA-883F-42DB-AD42-2651CCEAA43F"", hostCount=1, id=20, orig_index=_audit, modTime=""10/17/2013:15:04:52"", orig_host=""so-splunky.local"", path=""/Applications/splunk/upgrade-5.0/var/lib/splunk/audit/db/db_1382047474_1382044490_20"", rawSize=506559, sizeOnDiskMB=""0.359375"", sourceCount=1, sourceTypeCount=1, startEpoch=1382044490, state=warm","2013-11-01T00:02:01.000-0700","_audit~20~9A13FFBA-883F-42DB-AD42-2651CCEAA43F",,0,1,2,november,1,friday,2013,"-420",1382047474,1682,,"9A13FFBA-883F-42DB-AD42-2651CCEAA43F","so-splunky.local",1,20,summary,"1383289320.000","1383289321.464",1,"10/17/2013:15:04:52","so-splunky.local","_audit","/Applications/splunk/upgrade-5.0/var/lib/splunk/audit/db/db_1382047474_1382044490_20",,,506559,"DB inspection","1383289320.000","0.359375","DB inspection",1,1,stash,"so-splunky.local",1382044490,warm,,,,25,0,"all_hosts","so-splunky.local",
"11/01/2013 00:02:01 -0700, search_name=""DB inspection"", search_now=1383289320.000, info_max_time=1383289320.000, info_search_time=1383289321.464, bucketId=""_audit~1~9A13FFBA-883F-42DB-AD42-2651CCEAA43F"", endEpoch=1379030178, eventCount=9001, guId=""9A13FFBA-883F-42DB-AD42-2651CCEAA43F"", hostCount=1, id=1, orig_index=_audit, modTime=""09/12/2013:18:46:20"", orig_host=""so-splunky.local"", path=""/Applications/splunk/upgrade-5.0/var/lib/splunk/audit/db/db_1379030178_1378908082_1"", rawSize=1331272, sizeOnDiskMB=""0.996094"", sourceCount=1, sourceTypeCount=1, startEpoch=1378908082, state=warm","2013-11-01T00:02:01.000-0700","_audit~1~9A13FFBA-883F-42DB-AD42-2651CCEAA43F",,0,1,2,november,1,friday,2013,"-420",1379030178,9001,,"9A13FFBA-883F-42DB-AD42-2651CCEAA43F","so-splunky.local",1,1,summary,"1383289320.000","1383289321.464",1,"09/12/2013:18:46:20","so-splunky.local","_audit","/Applications/splunk/upgrade-5.0/var/lib/splunk/audit/db/db_1379030178_1378908082_1",,,1331272,"DB inspection","1383289320.000","0.996094","DB inspection",1,1,stash,"so-splunky.local",1378908082,warm,,,,25,0,"all_hosts","so-splunky.local",
"11/01/2013 00:02:01 -0700, search_name=""DB inspection"", search_now=1383289320.000, info_max_time=1383289320.000, info_search_time=1383289321.464, bucketId=""_audit~19~9A13FFBA-883F-42DB-AD42-2651CCEAA43F"", endEpoch=1382044475, eventCount=5599, guId=""9A13FFBA-883F-42DB-AD42-2651CCEAA43F"", hostCount=1, id=19, orig_index=_audit, modTime=""10/17/2013:14:14:50"", orig_host=""so-splunky.local"", path=""/Applications/splunk/upgrade-5.0/var/lib/splunk/audit/db/db_1382044475_1382033646_19"", rawSize=1579291, sizeOnDiskMB=""0.996094"", sourceCount=1, sourceTypeCount=1, startEpoch=1382033646, state=warm","2013-11-01T00:02:01.000-0700","_audit~19~9A13FFBA-883F-42DB-AD42-2651CCEAA43F",,0,1,2,november,1,friday,2013,"-420",1382044475,5599,,"9A13FFBA-883F-42DB-AD42-2651CCEAA43F","so-splunky.local",1,19,summary,"1383289320.000","1383289321.464",1,"10/17/2013:14:14:50","so-splunky.local","_audit","/Applications/splunk/upgrade-5.0/var/lib/splunk/audit/db/db_1382044475_1382033646_19",,,1579291,"DB inspection","1383289320.000","0.996094","DB inspection",1,1,stash,"so-splunky.local",1382033646,warm,,,,25,0,"all_hosts","so-splunky.local",
"11/01/2013 00:02:01 -0700, search_name=""DB inspection"", search_now=1383289320.000, info_max_time=1383289320.000, info_search_time=1383289321.464, bucketId=""_audit~18~9A13FFBA-883F-42DB-AD42-2651CCEAA43F"", endEpoch=1382033636, eventCount=9102, guId=""9A13FFBA-883F-42DB-AD42-2651CCEAA43F"", hostCount=1, id=18, orig_index=_audit, modTime=""10/17/2013:11:14:06"", orig_host=""so-splunky.local"", path=""/Applications/splunk/upgrade-5.0/var/lib/splunk/audit/db/db_1382033636_1382022048_18"", rawSize=2029609, sizeOnDiskMB=""1.726562"", sourceCount=1, sourceTypeCount=1, startEpoch=1382022048, state=warm","2013-11-01T00:02:01.000-0700","_audit~18~9A13FFBA-883F-42DB-AD42-2651CCEAA43F",,0,1,2,november,1,friday,2013,"-420",1382033636,9102,,"9A13FFBA-883F-42DB-AD42-2651CCEAA43F","so-splunky.local",1,18,summary,"1383289320.000","1383289321.464",1,"10/17/2013:11:14:06","so-splunky.local","_audit","/Applications/splunk/upgrade-5.0/var/lib/splunk/audit/db/db_1382033636_1382022048_18",,,2029609,"DB inspection","1383289320.000","1.726562","DB inspection",1,1,stash,"so-splunky.local",1382022048,warm,,,,25,0,"all_hosts","so-splunky.local",
"11/01/2013 00:02:01 -0700, search_name=""DB inspection"", search_now=1383289320.000, info_max_time=1383289320.000, info_search_time=1383289321.464, bucketId=""_audit~17~9A13FFBA-883F-42DB-AD42-2651CCEAA43F"", endEpoch=1382022032, eventCount=1621, guId=""9A13FFBA-883F-42DB-AD42-2651CCEAA43F"", hostCount=1, id=17, orig_index=_audit, modTime=""10/17/2013:08:00:48"", orig_host=""so-splunky.local"", path=""/Applications/splunk/upgrade-5.0/var/lib/splunk/audit/db/db_1382022032_1382019928_17"", rawSize=412692, sizeOnDiskMB=""0.320312"", sourceCount=1, sourceTypeCount=1, startEpoch=1382019928, state=warm","2013-11-01T00:02:01.000-0700","_audit~17~9A13FFBA-883F-42DB-AD42-2651CCEAA43F",,0,1,2,november,1,friday,2013,"-420",1382022032,1621,,"9A13FFBA-883F-42DB-AD42-2651CCEAA43F","so-splunky.local",1,17,summary,"1383289320.000","1383289321.464",1,"10/17/2013:08:00:48","so-splunky.local","_audit","/Applications/splunk/upgrade-5.0/var/lib/splunk/audit/db/db_1382022032_1382019928_17",,,412692,"DB inspection","1383289320.000","0.320312","DB inspection",1,1,stash,"so-splunky.local",1382019928,warm,,,,25,0,"all_hosts","so-splunky.local",
"11/01/2013 00:02:01 -0700, search_name=""DB inspection"", search_now=1383289320.000, info_max_time=1383289320.000, info_search_time=1383289321.464, bucketId=""_audit~16~9A13FFBA-883F-42DB-AD42-2651CCEAA43F"", endEpoch=1382019911, eventCount=58660, guId=""9A13FFBA-883F-42DB-AD42-2651CCEAA43F"", hostCount=1, id=16, orig_index=_audit, modTime=""10/17/2013:07:25:28"", orig_host=""so-splunky.local"", path=""/Applications/splunk/upgrade-5.0/var/lib/splunk/audit/db/db_1382019911_1381792111_16"", rawSize=22394315, sizeOnDiskMB=""12.839844"", sourceCount=1, sourceTypeCount=1, startEpoch=1381792111, state=warm","2013-11-01T00:02:01.000-0700","_audit~16~9A13FFBA-883F-42DB-AD42-2651CCEAA43F",,0,1,2,november,1,friday,2013,"-420",1382019911,58660,,"9A13FFBA-883F-42DB-AD42-2651CCEAA43F","so-splunky.local",1,16,summary,"1383289320.000","1383289321.464",1,"10/17/2013:07:25:28","so-splunky.local","_audit","/Applications/splunk/upgrade-5.0/var/lib/splunk/audit/db/db_1382019911_1381792111_16",,,22394315,"DB inspection","1383289320.000","12.839844","DB inspection",1,1,stash,"so-splunky.local",1381792111,warm,,,,25,0,"all_hosts","so-splunky.local",
"11/01/2013 00:02:01 -0700, search_name=""DB inspection"", search_now=1383289320.000, info_max_time=1383289320.000, info_search_time=1383289321.464, bucketId=""_audit~15~9A13FFBA-883F-42DB-AD42-2651CCEAA43F"", endEpoch=1381791410, eventCount=6496, guId=""9A13FFBA-883F-42DB-AD42-2651CCEAA43F"", hostCount=1, id=15, orig_index=_audit, modTime=""10/14/2013:16:08:31"", orig_host=""so-splunky.local"", path=""/Applications/splunk/upgrade-5.0/var/lib/splunk/audit/db/db_1381791410_1381781699_15"", rawSize=1542504, sizeOnDiskMB=""1.023438"", sourceCount=1, sourceTypeCount=1, startEpoch=1381781699, state=warm","2013-11-01T00:02:01.000-0700","_audit~15~9A13FFBA-883F-42DB-AD42-2651CCEAA43F",,0,1,2,november,1,friday,2013,"-420",1381791410,6496,,"9A13FFBA-883F-42DB-AD42-2651CCEAA43F","so-splunky.local",1,15,summary,"1383289320.000","1383289321.464",1,"10/14/2013:16:08:31","so-splunky.local","_audit","/Applications/splunk/upgrade-5.0/var/lib/splunk/audit/db/db_1381791410_1381781699_15",,,1542504,"DB inspection","1383289320.000","1.023438","DB inspection",1,1,stash,"so-splunky.local",1381781699,warm,,,,25,0,"all_hosts","so-splunky.local",
"11/01/2013 00:02:01 -0700, search_name=""DB inspection"", search_now=1383289320.000, info_max_time=1383289320.000, info_search_time=1383289321.464, bucketId=""_audit~14~9A13FFBA-883F-42DB-AD42-2651CCEAA43F"", endEpoch=1381777137, eventCount=4851, guId=""9A13FFBA-883F-42DB-AD42-2651CCEAA43F"", hostCount=1, id=14, orig_index=_audit, modTime=""10/14/2013:13:14:59"", orig_host=""so-splunky.local"", path=""/Applications/splunk/upgrade-5.0/var/lib/splunk/audit/db/db_1381777137_1381759486_14"", rawSize=1804841, sizeOnDiskMB=""0.937500"", sourceCount=1, sourceTypeCount=1, startEpoch=1381759486, state=warm","2013-11-01T00:02:01.000-0700","_audit~14~9A13FFBA-883F-42DB-AD42-2651CCEAA43F",,0,1,2,november,1,friday,2013,"-420",1381777137,4851,,"9A13FFBA-883F-42DB-AD42-2651CCEAA43F","so-splunky.local",1,14,summary,"1383289320.000","1383289321.464",1,"10/14/2013:13:14:59","so-splunky.local","_audit","/Applications/splunk/upgrade-5.0/var/lib/splunk/audit/db/db_1381777137_1381759486_14",,,1804841,"DB inspection","1383289320.000","0.937500","DB inspection",1,1,stash,"so-splunky.local",1381759486,warm,,,,25,0,"all_hosts","so-splunky.local",
"11/01/2013 00:02:01 -0700, search_name=""DB inspection"", search_now=1383289320.000, info_max_time=1383289320.000, info_search_time=1383289321.464, bucketId=""_audit~13~9A13FFBA-883F-42DB-AD42-2651CCEAA43F"", endEpoch=1381591071, eventCount=31956, guId=""9A13FFBA-883F-42DB-AD42-2651CCEAA43F"", hostCount=1, id=13, orig_index=_audit, modTime=""10/14/2013:07:04:46"", orig_host=""so-splunky.local"", path=""/Applications/splunk/upgrade-5.0/var/lib/splunk/audit/db/db_1381591071_1381409260_13"", rawSize=14286266, sizeOnDiskMB=""7.457031"", sourceCount=1, sourceTypeCount=1, startEpoch=1381409260, state=warm","2013-11-01T00:02:01.000-0700","_audit~13~9A13FFBA-883F-42DB-AD42-2651CCEAA43F",,0,1,2,november,1,friday,2013,"-420",1381591071,31956,,"9A13FFBA-883F-42DB-AD42-2651CCEAA43F","so-splunky.local",1,13,summary,"1383289320.000","1383289321.464",1,"10/14/2013:07:04:46","so-splunky.local","_audit","/Applications/splunk/upgrade-5.0/var/lib/splunk/audit/db/db_1381591071_1381409260_13",,,14286266,"DB inspection","1383289320.000","7.457031","DB inspection",1,1,stash,"so-splunky.local",1381409260,warm,,,,25,0,"all_hosts","so-splunky.local",
"11/01/2013 00:02:01 -0700, search_name=""DB inspection"", search_now=1383289320.000, info_max_time=1383289320.000, info_search_time=1383289321.464, bucketId=""_audit~12~9A13FFBA-883F-42DB-AD42-2651CCEAA43F"", endEpoch=1381409248, eventCount=467, guId=""9A13FFBA-883F-42DB-AD42-2651CCEAA43F"", hostCount=1, id=12, orig_index=_audit, modTime=""10/10/2013:05:47:40"", orig_host=""so-splunky.local"", path=""/Applications/splunk/upgrade-5.0/var/lib/splunk/audit/db/db_1381409248_1381408338_12"", rawSize=133762, sizeOnDiskMB=""0.144531"", sourceCount=1, sourceTypeCount=1, startEpoch=1381408338, state=warm","2013-11-01T00:02:01.000-0700","_audit~12~9A13FFBA-883F-42DB-AD42-2651CCEAA43F",,0,1,2,november,1,friday,2013,"-420",1381409248,467,,"9A13FFBA-883F-42DB-AD42-2651CCEAA43F","so-splunky.local",1,12,summary,"1383289320.000","1383289321.464",1,"10/10/2013:05:47:40","so-splunky.local","_audit","/Applications/splunk/upgrade-5.0/var/lib/splunk/audit/db/db_1381409248_1381408338_12",,,133762,"DB inspection","1383289320.000","0.144531","DB inspection",1,1,stash,"so-splunky.local",1381408338,warm,,,,25,0,"all_hosts","so-splunky.local",
"11/01/2013 00:02:01 -0700, search_name=""DB inspection"", search_now=1383289320.000, info_max_time=1383289320.000, info_search_time=1383289321.464, bucketId=""_audit~11~9A13FFBA-883F-42DB-AD42-2651CCEAA43F"", endEpoch=1381408247, eventCount=60702, guId=""9A13FFBA-883F-42DB-AD42-2651CCEAA43F"", hostCount=1, id=11, orig_index=_audit, modTime=""10/10/2013:05:32:19"", orig_host=""so-splunky.local"", path=""/Applications/splunk/upgrade-5.0/var/lib/splunk/audit/db/db_1381408247_1381159985_11"", rawSize=20558010, sizeOnDiskMB=""12.402344"", sourceCount=1, sourceTypeCount=1, startEpoch=1381159985, state=warm","2013-11-01T00:02:01.000-0700","_audit~11~9A13FFBA-883F-42DB-AD42-2651CCEAA43F",,0,1,2,november,1,friday,2013,"-420",1381408247,60702,,"9A13FFBA-883F-42DB-AD42-2651CCEAA43F","so-splunky.local",1,11,summary,"1383289320.000","1383289321.464",1,"10/10/2013:05:32:19","so-splunky.local","_audit","/Applications/splunk/upgrade-5.0/var/lib/splunk/audit/db/db_1381408247_1381159985_11",,,20558010,"DB inspection","1383289320.000","12.402344","DB inspection",1,1,stash,"so-splunky.local",1381159985,warm,,,,25,0,"all_hosts","so-splunky.local",
"11/01/2013 00:02:01 -0700, search_name=""DB inspection"", search_now=1383289320.000, info_max_time=1383289320.000, info_search_time=1383289321.464, bucketId=""_audit~10~9A13FFBA-883F-42DB-AD42-2651CCEAA43F"", endEpoch=1381159968, eventCount=73578, guId=""9A13FFBA-883F-42DB-AD42-2651CCEAA43F"", hostCount=1, id=10, orig_index=_audit, modTime=""10/07/2013:08:33:06"", orig_host=""so-splunky.local"", path=""/Applications/splunk/upgrade-5.0/var/lib/splunk/audit/db/db_1381159968_1380820510_10"", rawSize=29115514, sizeOnDiskMB=""16.058594"", sourceCount=1, sourceTypeCount=1, startEpoch=1380820510, state=warm","2013-11-01T00:02:01.000-0700","_audit~10~9A13FFBA-883F-42DB-AD42-2651CCEAA43F",,0,1,2,november,1,friday,2013,"-420",1381159968,73578,,"9A13FFBA-883F-42DB-AD42-2651CCEAA43F","so-splunky.local",1,10,summary,"1383289320.000","1383289321.464",1,"10/07/2013:08:33:06","so-splunky.local","_audit","/Applications/splunk/upgrade-5.0/var/lib/splunk/audit/db/db_1381159968_1380820510_10",,,29115514,"DB inspection","1383289320.000","16.058594","DB inspection",1,1,stash,"so-splunky.local",1380820510,warm,,,,25,0,"all_hosts","so-splunky.local",
"11/01/2013 00:02:01 -0700, search_name=""DB inspection"", search_now=1383289320.000, info_max_time=1383289320.000, info_search_time=1383289321.464, bucketId=""_audit~0~9A13FFBA-883F-42DB-AD42-2651CCEAA43F"", endEpoch=1378908069, eventCount=6870, guId=""9A13FFBA-883F-42DB-AD42-2651CCEAA43F"", hostCount=1, id=0, orig_index=_audit, modTime=""09/11/2013:07:01:22"", orig_host=""so-splunky.local"", path=""/Applications/splunk/upgrade-5.0/var/lib/splunk/audit/db/db_1378908069_1378750219_0"", rawSize=1193740, sizeOnDiskMB=""0.843750"", sourceCount=1, sourceTypeCount=1, startEpoch=1378750219, state=warm","2013-11-01T00:02:01.000-0700","_audit~0~9A13FFBA-883F-42DB-AD42-2651CCEAA43F",,0,1,2,november,1,friday,2013,"-420",1378908069,6870,,"9A13FFBA-883F-42DB-AD42-2651CCEAA43F","so-splunky.local",1,0,summary,"1383289320.000","1383289321.464",1,"09/11/2013:07:01:22","so-splunky.local","_audit","/Applications/splunk/upgrade-5.0/var/lib/splunk/audit/db/db_1378908069_1378750219_0",,,1193740,"DB inspection","1383289320.000","0.843750","DB inspection",1,1,stash,"so-splunky.local",1378750219,warm,,,,25,0,"all_hosts","so-splunky.local",
